/*
Navicat MySQL Data Transfer

Source Server         : localhost_3306
Source Server Version : 50722
Source Host           : localhost:3306
Source Database       : news_website

Target Server Type    : MYSQL
Target Server Version : 50722
File Encoding         : 65001

Date: 2023-03-07 22:27:50
*/

SET FOREIGN_KEY_CHECKS=0;

-- ----------------------------
-- Table structure for admin_information
-- ----------------------------
DROP TABLE IF EXISTS `admin_information`;
CREATE TABLE `admin_information` (
  `id` int(10) unsigned NOT NULL AUTO_INCREMENT COMMENT '自增主键',
  `username` varchar(20) NOT NULL COMMENT '账号',
  `password` varchar(50) NOT NULL COMMENT '密码',
  `role` int(11) unsigned DEFAULT '0' COMMENT '角色',
  `create_time` datetime NOT NULL DEFAULT CURRENT_TIMESTAMP COMMENT '创建时间',
  `update_time` datetime NOT NULL DEFAULT CURRENT_TIMESTAMP ON UPDATE CURRENT_TIMESTAMP COMMENT '修改时间',
  PRIMARY KEY (`id`),
  UNIQUE KEY `uk_username` (`username`)
) ENGINE=InnoDB AUTO_INCREMENT=57 DEFAULT CHARSET=utf8;

-- ----------------------------
-- Records of admin_information
-- ----------------------------
INSERT INTO `admin_information` VALUES ('1', '123', '123', '1', '2022-01-23 17:05:19', '2023-03-02 18:12:20');
INSERT INTO `admin_information` VALUES ('50', 'rendong', 'e26771f4031ec48e25c6bb09847d2dce', '1', '2022-01-30 11:31:09', '2023-03-07 21:08:45');
INSERT INTO `admin_information` VALUES ('56', 'mms', 'e0a6731841a9265d5d99af213b23ad5f', '0', '2022-05-09 13:48:46', '2022-05-09 13:48:46');

-- ----------------------------
-- Table structure for news
-- ----------------------------
DROP TABLE IF EXISTS `news`;
CREATE TABLE `news` (
  `id` int(10) unsigned NOT NULL AUTO_INCREMENT COMMENT '自增主键',
  `picture_path` varchar(60) DEFAULT NULL COMMENT '图片',
  `title` varchar(100) NOT NULL COMMENT '标题',
  `release_time` date NOT NULL COMMENT '发布时间',
  `hits` bigint(20) NOT NULL DEFAULT '0' COMMENT '点击率',
  `content` text NOT NULL COMMENT '内容',
  `news_category_id` int(10) unsigned NOT NULL COMMENT '文章类别id',
  `create_time` datetime NOT NULL DEFAULT CURRENT_TIMESTAMP COMMENT '创建时间',
  `update_time` datetime NOT NULL DEFAULT CURRENT_TIMESTAMP ON UPDATE CURRENT_TIMESTAMP COMMENT '修改时间',
  PRIMARY KEY (`id`),
  KEY `idx_news_category_id` (`news_category_id`),
  KEY `idx_title` (`title`)
) ENGINE=InnoDB AUTO_INCREMENT=182 DEFAULT CHARSET=utf8;

-- ----------------------------
-- Records of news
-- ----------------------------
INSERT INTO `news` VALUES ('38', null, '平顶山市政协科普活动3', '2022-01-15', '14', '编者按：近日，31231233333333333333333333333333333333333333333333333333333《学习强国》《大公中原网》《映象网》等媒体报道了12月3日上午，平顶山市委书记张雷明来到平顶山学院宣讲党的十九届六中全会精神，为师生讲授思想政治理论课。张雷明以《明史增自信 不负好时代 在接续奋斗新征程中筑梦出彩青春》为题讲授思政课。他围绕“从百年党史中看伟大时代”“从疫情大考中看中国之治”“从使命担当中看青年未来”三个方面，深刻阐述了党的十九届六中全会的重大意义、核心要义和精神实质，深入分析了当前形势与政策、时代变化与发展，并结合自己成长经历和人生阅历，与师生们交流如何更好成长成才。', '41', '2022-01-15 23:27:32', '2023-03-07 22:21:35');
INSERT INTO `news` VALUES ('50', null, '平顶山学院2022年招聘专职辅导员及其他工作人员的公告1', '2022-01-16', '295', '平顶山学院是一所经教育部批准、由河南省人民政府主办的综合性全日制普通本科院校，是硕士学位授予立项建设单位、河南省转型发展试点高校、河南省示范性应用技术类型本科院校，目前学校正在加快推进省示范校二期（2021－2025年）建设。', '43', '2022-01-16 16:04:51', '2023-03-07 22:21:28');
INSERT INTO `news` VALUES ('64', null, '学院动态7', '2022-01-16', '56', '平顶山学院是一所经教育部批准、由河南省人民政府主办的综合性全日制普通本科院校，是硕士学位授予立项建设单位、河南省转型发展试点高校、河南省示范性应用技术类型本科院校，目前学校正在加快推进省示范校二期（2021－2025年）建设。', '44', '2022-01-16 16:06:17', '2023-03-07 22:21:28');
INSERT INTO `news` VALUES ('83', null, '组织机构', '2022-01-31', '121', '<p>	<strong>信息工程学院党委</strong></p><p>	</p><p>	<a href=\"https://xgy.pdsu.edu.cn/info/1094/3396.htm\" rel=\"noopener noreferrer\" target=\"_blank\" style=\"color: rgb(0, 176, 240);\">工会</a><span style=\"color: rgb(84, 141, 212);\">&nbsp;</span>|&nbsp;<a href=\"https://xgy.pdsu.edu.cn/info/1094/3404.htm\" rel=\"noopener noreferrer\" target=\"_blank\" style=\"color: rgb(0, 176, 240);\">团委</a>&nbsp;|&nbsp;<a href=\"https://xgy.pdsu.edu.cn/info/1094/3405.htm\" rel=\"noopener noreferrer\" target=\"_blank\" style=\"color: rgb(0, 176, 240);\">教工党支部</a>&nbsp;|&nbsp;<a href=\"https://xgy.pdsu.edu.cn/info/1094/3406.htm\" rel=\"noopener noreferrer\" target=\"_blank\" style=\"color: rgb(0, 176, 240);\">学生第一党支部</a>&nbsp;|&nbsp;<a href=\"https://xgy.pdsu.edu.cn/info/1094/3407.htm\" rel=\"noopener noreferrer\" target=\"_blank\" style=\"color: rgb(0, 176, 240);\">学生第二党支部</a>&nbsp;|&nbsp;<a href=\"https://xgy.pdsu.edu.cn/info/1094/3408.htm\" rel=\"noopener noreferrer\" target=\"_blank\" style=\"color: rgb(0, 176, 240);\">学生第三党支部</a></p><p>	</p><p>	<strong>信息工程学院行政</strong></p><p>	</p><p>	<a href=\"https://xgy.pdsu.edu.cn/info/1094/3409.htm\" rel=\"noopener noreferrer\" target=\"_blank\" style=\"color: rgb(0, 176, 240);\">党政办公室</a><span style=\"color: rgb(84, 141, 212);\">&nbsp;</span><span style=\"color: rgb(0, 0, 0);\">|</span><span style=\"color: rgb(84, 141, 212);\">&nbsp;</span><a href=\"https://xgy.pdsu.edu.cn/info/1094/3410.htm\" rel=\"noopener noreferrer\" target=\"_blank\" style=\"color: rgb(0, 176, 240);\">教学科研办公室</a><span style=\"color: rgb(84, 141, 212);\">&nbsp;</span><span style=\"color: rgb(0, 0, 0);\">|</span><span style=\"color: rgb(84, 141, 212);\">&nbsp;</span><a href=\"https://xgy.pdsu.edu.cn/info/1094/3411.htm\" rel=\"noopener noreferrer\" target=\"_blank\" style=\"color: rgb(0, 176, 240);\">学生工作办公室</a><span style=\"color: rgb(84, 141, 212);\">&nbsp;</span><span style=\"color: rgb(0, 0, 0);\">|</span><span style=\"color: rgb(84, 141, 212);\">&nbsp;</span><a href=\"https://xgy.pdsu.edu.cn/info/1094/3412.htm\" rel=\"noopener noreferrer\" target=\"_blank\" style=\"color: rgb(0, 176, 240);\">物联网工程教研室</a><span style=\"color: rgb(0, 0, 0);\">&nbsp;|</span><span style=\"color: rgb(84, 141, 212);\">&nbsp;</span><a href=\"https://xgy.pdsu.edu.cn/info/1094/3413.htm\" rel=\"noopener noreferrer\" target=\"_blank\" style=\"color: rgb(0, 176, 240);\">电子信息工程教研室</a><span style=\"color: rgb(84, 141, 212);\">&nbsp;</span><span style=\"color: rgb(0, 0, 0);\">|</span><span style=\"color: rgb(84, 141, 212);\">&nbsp;</span><a href=\"https://xgy.pdsu.edu.cn/info/1094/3414.htm\" rel=\"noopener noreferrer\" target=\"_blank\" style=\"color: rgb(0, 176, 240);\">通信工程教研室</a></p><p>	</p><p>	<a href=\"https://xgy.pdsu.edu.cn/info/1094/3415.htm\" rel=\"noopener noreferrer\" target=\"_blank\" style=\"color: rgb(0, 176, 240);\">飞行器控制与信息工程教研室</a><span style=\"color: rgb(0, 0, 0);\">&nbsp;|</span><span style=\"color: rgb(84, 141, 212);\">&nbsp;</span><a href=\"https://xgy.pdsu.edu.cn/info/1094/3416.htm\" rel=\"noopener noreferrer\" target=\"_blank\" style=\"color: rgb(0, 176, 240);\">实验中心</a></p><p>	</p><p>	</p><h3>&nbsp;&nbsp;&nbsp;&nbsp;&nbsp;&nbsp;&nbsp;&nbsp;<strong style=\"color: rgb(51, 51, 51);\">信息工程学院学术委员会</strong></h3><p>	&nbsp;&nbsp;&nbsp;&nbsp;&nbsp;主任委员:胡海峰</p><p>	&nbsp;&nbsp;&nbsp;&nbsp;&nbsp;副主任委员:时合生&nbsp;王向前</p><p>	&nbsp;&nbsp;&nbsp;&nbsp;&nbsp;成员:王德永&nbsp;樊爱宛&nbsp;谢丽明&nbsp;王艳辉&nbsp;李圣普&nbsp;孙泽军</p><h3>&nbsp;&nbsp;&nbsp;&nbsp;&nbsp;&nbsp;&nbsp;&nbsp;<strong style=\"color: rgb(51, 51, 51);\">信息工程学院教学指导委员会</strong></h3><p>	&nbsp;&nbsp;&nbsp;&nbsp;<span style=\"color: rgb(51, 51, 51);\">主任委员:樊爱宛</span></p><p>	&nbsp;&nbsp;&nbsp;&nbsp;&nbsp;<span style=\"color: rgb(51, 51, 51);\">副主任委员:时合生&nbsp;&nbsp;胡海峰</span></p><p>	&nbsp;&nbsp;&nbsp;&nbsp;&nbsp;<span style=\"color: rgb(51, 51, 51);\">成员:王向前 王启明 谢丽明 王艳辉</span></p><h3>&nbsp;&nbsp;&nbsp;&nbsp;&nbsp;&nbsp;&nbsp;&nbsp;<strong style=\"color: rgb(51, 51, 51);\">信息工程学院教学督导委员会</strong></h3><p>	&nbsp;&nbsp;&nbsp;&nbsp;&nbsp;<span style=\"color: rgb(51, 51, 51);\">主任委员:时合生</span></p><p>	&nbsp;&nbsp;&nbsp;&nbsp;&nbsp;<span style=\"color: rgb(51, 51, 51);\">副主任委员:常新峰</span></p><p>	&nbsp;&nbsp;&nbsp;&nbsp;&nbsp;<span style=\"color: rgb(51, 51, 51);\">成员:王飞飞&nbsp;周志青&nbsp;李圣普&nbsp;郑均辉&nbsp;王德永</span></p><h3>&nbsp;&nbsp;&nbsp;&nbsp;&nbsp;&nbsp;&nbsp;&nbsp;<strong style=\"color: rgb(51, 51, 51);\">信息工程学院学生工作委员会</strong></h3><p>	&nbsp;&nbsp;&nbsp;&nbsp;&nbsp;<span style=\"color: rgb(51, 51, 51);\">副主任委员:赵珊珊</span></p><p>	&nbsp;&nbsp;&nbsp;&nbsp;&nbsp;<span style=\"color: rgb(51, 51, 51);\">成员:王向前&nbsp;时合生&nbsp;全体辅导员</span></p><h3>&nbsp;&nbsp;&nbsp;&nbsp;&nbsp;&nbsp;&nbsp;&nbsp;<strong style=\"color: rgb(51, 51, 51);\">信息工程学院招生与就业指导委员会</strong></h3><p>	&nbsp;&nbsp;&nbsp;&nbsp;&nbsp;<span style=\"color: rgb(51, 51, 51);\">主任委员:时合生</span></p><p>	&nbsp;&nbsp;&nbsp;&nbsp;&nbsp;<span style=\"color: rgb(51, 51, 51);\">成员:王向前&nbsp;崔兵&nbsp;王飞飞&nbsp;常新峰&nbsp;李圣普&nbsp;&nbsp;周志青</span></p>', '30', '2022-01-30 11:56:29', '2023-03-07 20:27:30');
INSERT INTO `news` VALUES ('84', null, '职责', '2022-01-30', '85', '<p>	<strong>信息工程学院物联网工程教研室</strong></p><p>	</p><p>	<a href=\"https://xgy.pdsu.edu.cn/info/1141/3419.htm\" rel=\"noopener noreferrer\" target=\"_blank\" style=\"color: rgb(0, 176, 240);\">王巍</a>&nbsp;|&nbsp;<a href=\"https://xgy.pdsu.edu.cn/info/1141/3420.htm\" rel=\"noopener noreferrer\" target=\"_blank\" style=\"color: rgb(0, 176, 240);\">王德永</a>&nbsp;|&nbsp;<a href=\"https://xgy.pdsu.edu.cn/info/1141/3421.htm\" rel=\"noopener noreferrer\" target=\"_blank\" style=\"color: rgb(0, 176, 240);\">谢丽明</a>&nbsp;|&nbsp;<a href=\"https://xgy.pdsu.edu.cn/info/1141/3422.htm\" rel=\"noopener noreferrer\" target=\"_blank\" style=\"color: rgb(0, 176, 240);\">刘建粉</a><span style=\"color: rgb(37, 28, 26);\">&nbsp;|&nbsp;</span><a href=\"https://xgy.pdsu.edu.cn/info/1141/3423.htm\" rel=\"noopener noreferrer\" target=\"_blank\" style=\"color: rgb(0, 176, 240);\">孙泽军</a><span style=\"color: rgb(37, 28, 26);\">&nbsp;|&nbsp;胡海峰 |&nbsp;</span><a href=\"https://xgy.pdsu.edu.cn/info/1141/3440.htm\" rel=\"noopener noreferrer\" target=\"_blank\" style=\"color: rgb(0, 176, 240);\">王启明</a><span style=\"color: rgb(37, 28, 26);\">&nbsp;|&nbsp;</span><a href=\"https://xgy.pdsu.edu.cn/info/1141/3442.htm\" rel=\"noopener noreferrer\" target=\"_blank\" style=\"color: rgb(0, 176, 240);\">郑均辉</a></p><p>	</p><p>	<a href=\"https://xgy.pdsu.edu.cn/info/1141/3426.htm\" rel=\"noopener noreferrer\" target=\"_blank\" style=\"color: rgb(0, 176, 240);\">王飞飞</a><span style=\"color: rgb(37, 28, 26);\">&nbsp;|&nbsp;</span><a href=\"https://xgy.pdsu.edu.cn/info/1141/3428.htm\" rel=\"noopener noreferrer\" target=\"_blank\" style=\"color: rgb(0, 176, 240);\">王亚飞</a><span style=\"color: rgb(37, 28, 26);\">&nbsp;|&nbsp;</span><a href=\"https://xgy.pdsu.edu.cn/info/1141/3433.htm\" rel=\"noopener noreferrer\" target=\"_blank\" style=\"color: rgb(0, 176, 240);\">闵改</a><span style=\"color: rgb(37, 28, 26);\">&nbsp;|&nbsp;</span><a href=\"https://xgy.pdsu.edu.cn/info/1141/3437.htm\" rel=\"noopener noreferrer\" target=\"_blank\" style=\"color: rgb(0, 176, 240);\">周艳艳</a><span style=\"color: rgb(37, 28, 26);\">&nbsp;|&nbsp;</span><a href=\"https://xgy.pdsu.edu.cn/info/1141/3454.htm\" rel=\"noopener noreferrer\" target=\"_blank\" style=\"color: rgb(0, 176, 240);\">丁亚飞</a><span style=\"color: rgb(37, 28, 26);\">&nbsp;|&nbsp;</span><a href=\"https://xgy.pdsu.edu.cn/info/1141/3429.htm\" rel=\"noopener noreferrer\" target=\"_blank\" style=\"color: rgb(0, 176, 240);\">张高敏</a><span style=\"color: rgb(37, 28, 26);\">&nbsp;|&nbsp;</span><a href=\"https://xgy.pdsu.edu.cn/info/1141/3424.htm\" rel=\"noopener noreferrer\" target=\"_blank\" style=\"color: rgb(0, 176, 240);\">耿则勋</a></p><p>	</p><p>	</p><p>	<strong>信息工程学院电子信息工程教研室</strong></p><p>	</p><p>	<span style=\"color: rgb(37, 28, 26);\">樊爱宛 |&nbsp;</span><a href=\"https://xgy.pdsu.edu.cn/info/1141/3431.htm\" rel=\"noopener noreferrer\" target=\"_blank\" style=\"color: rgb(0, 176, 240);\">李圣普</a><span style=\"color: rgb(37, 28, 26);\">&nbsp;|&nbsp;</span><a href=\"https://xgy.pdsu.edu.cn/info/1141/3443.htm\" rel=\"noopener noreferrer\" target=\"_blank\" style=\"color: rgb(0, 176, 240);\">姬文倩</a><span style=\"color: rgb(37, 28, 26);\">&nbsp;|&nbsp;</span><a href=\"https://xgy.pdsu.edu.cn/info/1141/3436.htm\" rel=\"noopener noreferrer\" target=\"_blank\" style=\"color: rgb(0, 176, 240);\">王艳辉</a><span style=\"color: rgb(37, 28, 26);\">&nbsp;|&nbsp;</span><a href=\"https://xgy.pdsu.edu.cn/info/1141/3441.htm\" rel=\"noopener noreferrer\" target=\"_blank\" style=\"color: rgb(0, 176, 240);\">何丹丹</a><span style=\"color: rgb(37, 28, 26);\">&nbsp;|&nbsp;</span><a href=\"https://xgy.pdsu.edu.cn/info/1141/3456.htm\" rel=\"noopener noreferrer\" target=\"_blank\" style=\"color: rgb(0, 176, 240);\">张亚峰</a><span style=\"color: rgb(37, 28, 26);\">&nbsp;|&nbsp;</span><a href=\"https://xgy.pdsu.edu.cn/info/1141/3455.htm\" rel=\"noopener noreferrer\" target=\"_blank\" style=\"color: rgb(0, 176, 240);\">张晓朋</a><span style=\"color: rgb(37, 28, 26);\">&nbsp;|&nbsp;</span><a href=\"https://xgy.pdsu.edu.cn/info/1141/3496.htm\" rel=\"noopener noreferrer\" target=\"_blank\" style=\"color: rgb(0, 176, 240);\">李宁</a><span style=\"color: rgb(37, 28, 26);\">&nbsp;</span></p><p>	</p><p>	<a href=\"https://xgy.pdsu.edu.cn/info/1141/3457.htm\" rel=\"noopener noreferrer\" target=\"_blank\" style=\"color: rgb(0, 176, 240);\">刘征</a><span style=\"color: rgb(37, 28, 26);\">&nbsp;|&nbsp;</span><a href=\"https://xgy.pdsu.edu.cn/info/1141/3498.htm\" rel=\"noopener noreferrer\" target=\"_blank\" style=\"color: rgb(0, 176, 240);\">王宇尧</a><span style=\"color: rgb(37, 28, 26);\">&nbsp;|&nbsp;周瑞敏 |&nbsp;</span><a href=\"https://xgy.pdsu.edu.cn/info/1141/3471.htm\" rel=\"noopener noreferrer\" target=\"_blank\" style=\"color: rgb(0, 176, 240);\">夏冰</a><span style=\"color: rgb(37, 28, 26);\">&nbsp;|&nbsp;谢金鹏 |&nbsp;</span><a href=\"https://xgy.pdsu.edu.cn/info/1141/3497.htm\" rel=\"noopener noreferrer\" target=\"_blank\" style=\"color: rgb(0, 176, 240);\">李红</a></p><p>	</p><p>	<strong>信息工程学院通信工程教研室</strong></p><p>	</p><p>	<span style=\"color: rgb(37, 28, 26);\">王向前&nbsp;</span>|<span style=\"color: rgb(37, 28, 26);\">&nbsp;</span><a href=\"https://xgy.pdsu.edu.cn/info/1141/3425.htm\" rel=\"noopener noreferrer\" target=\"_blank\" style=\"color: rgb(0, 176, 240);\">王军敏</a>&nbsp;<span style=\"color: rgb(37, 28, 26);\">|&nbsp;</span><a href=\"https://xgy.pdsu.edu.cn/info/1141/3432.htm\" rel=\"noopener noreferrer\" target=\"_blank\" style=\"color: rgb(0, 176, 240);\">刘保菊</a><span style=\"color: rgb(37, 28, 26);\">&nbsp;| 常新峰 |&nbsp;</span><a href=\"https://xgy.pdsu.edu.cn/info/1141/3430.htm\" rel=\"noopener noreferrer\" target=\"_blank\" style=\"color: rgb(0, 176, 240);\">王冠</a><span style=\"color: rgb(37, 28, 26);\">&nbsp;|&nbsp;</span><a href=\"https://xgy.pdsu.edu.cn/info/1141/3435.htm\" rel=\"noopener noreferrer\" target=\"_blank\" style=\"color: rgb(0, 176, 240);\">王瑞尧</a><span style=\"color: rgb(37, 28, 26);\">&nbsp;|&nbsp;宁超魁 |&nbsp;</span><a href=\"https://xgy.pdsu.edu.cn/info/1141/3459.htm\" rel=\"noopener noreferrer\" target=\"_blank\" style=\"color: rgb(0, 176, 240);\">张诗梦</a></p><p>	</p><p>	<a href=\"https://xgy.pdsu.edu.cn/info/1141/3458.htm\" rel=\"noopener noreferrer\" target=\"_blank\" style=\"color: rgb(0, 176, 240);\">孙晓延</a><span style=\"color: rgb(37, 28, 26);\">&nbsp;|&nbsp;闫金萌 |&nbsp;</span></p><p>	</p><p>	<strong>飞行器控制与信息工程教研室</strong></p><p>	</p><p>	<a href=\"https://xgy.pdsu.edu.cn/info/1141/3434.htm\" rel=\"noopener noreferrer\" target=\"_blank\" style=\"color: rgb(0, 176, 240);\">时合生</a><span style=\"color: rgb(37, 28, 26);\">&nbsp;|&nbsp;</span><a href=\"https://xgy.pdsu.edu.cn/info/1141/3438.htm\" rel=\"noopener noreferrer\" target=\"_blank\" style=\"color: rgb(0, 176, 240);\">周志青</a><span style=\"color: rgb(37, 28, 26);\">&nbsp;|&nbsp;</span><a href=\"https://xgy.pdsu.edu.cn/info/1141/3427.htm\" rel=\"noopener noreferrer\" target=\"_blank\" style=\"color: rgb(0, 176, 240);\">徐鹏飞</a><span style=\"color: rgb(37, 28, 26);\">&nbsp;|&nbsp;</span><a href=\"https://xgy.pdsu.edu.cn/info/1141/3470.htm\" rel=\"noopener noreferrer\" target=\"_blank\" style=\"color: rgb(0, 176, 240);\">岳雪亭</a><span style=\"color: rgb(37, 28, 26);\">&nbsp;|&nbsp;</span><a href=\"https://xgy.pdsu.edu.cn/info/1141/3439.htm\" rel=\"noopener noreferrer\" target=\"_blank\" style=\"color: rgb(0, 176, 240);\">喻恒</a></p><p>	</p><p>	<strong>信息工程学院其他教研室</strong></p><p>	</p><p>	<span style=\"color: rgb(37, 28, 26);\">崔兵 |&nbsp;赵珊珊 |&nbsp;刘柯 |&nbsp;王松娜 |&nbsp;马丽 |&nbsp;孙建勇 |&nbsp;马珂 |&nbsp;曹大兵 |&nbsp;吴英杰</span></p><p>	</p><p>	<span style=\"color: rgb(37, 28, 26);\">白凤林</span></p>', '30', '2022-01-30 11:57:13', '2023-03-07 20:17:50');
INSERT INTO `news` VALUES ('85', null, '专职人员', '2022-01-30', '51', '<p class=\"ql-align-center\">	<img src=\"https://xgy.pdsu.edu.cn/__local/0/D2/56/102FC61FBF18F4AEF4F138D9AAD_61DD0E70_1496.png\" width=\"417\"></p><p>	、</p><p>	&nbsp;&nbsp;&nbsp;&nbsp;&nbsp;&nbsp;&nbsp;&nbsp;&nbsp;</p><p>	<strong style=\"color: rgb(51, 51, 51);\">学院党委工作分工：</strong></p><p>	<strong style=\"color: rgb(51, 51, 51);\">王向前：</strong><span style=\"color: rgb(51, 51, 51);\">全面负责学院党委工作，分管党建和思想教育工作</span></p><p>	<strong style=\"color: rgb(51, 51, 51);\">樊爱宛：</strong><span style=\"color: rgb(51, 51, 51);\">委员，分管保密工作、安全保卫工作</span></p><p>	<strong style=\"color: rgb(51, 51, 51);\">时合生：</strong><span style=\"color: rgb(51, 51, 51);\">委员，分管统战工作</span></p><p>	<strong style=\"color: rgb(51, 51, 51);\">王启明：</strong><span style=\"color: rgb(51, 51, 51);\">委员，组织委员</span></p><p>	<strong style=\"color: rgb(51, 51, 51);\">王飞飞：</strong><span style=\"color: rgb(51, 51, 51);\">委员，宣传委员</span></p><p>	<strong style=\"color: rgb(51, 51, 51);\">崔&nbsp;&nbsp;兵：&nbsp;</strong><span style=\"color: rgb(51, 51, 51);\">委员，群团委员</span></p><p>	</p><p>	<strong style=\"color: rgb(51, 51, 51);\">学院行政工作分工：</strong></p><p>	<strong style=\"color: rgb(51, 51, 51);\">樊爱宛：</strong><span style=\"color: rgb(51, 51, 51);\">院长，主持行政全面工作，分管财务、人才人事、对外联络、产业学院等工作</span></p><p>	<strong style=\"color: rgb(51, 51, 51);\">王向前：</strong><span style=\"color: rgb(51, 51, 51);\">党委书记，全面负责学院党委工作，分管党建和思想政治教育工作</span></p><p>	<strong style=\"color: rgb(51, 51, 51);\">时合生</strong><span style=\"color: rgb(51, 51, 51);\">：副院长，分管教学工作、社会培训和中外合作办学工作、协助院长做好无人机产业学院建设工作</span></p><p>	<strong style=\"color: rgb(51, 51, 51);\">胡海峰：</strong><span style=\"color: rgb(51, 51, 51);\">副院长，分管学科和社会服务、资产管理和实验室建设工作，协助院长做好华为ICT学院建设工作</span></p>', '31', '2022-01-30 11:58:27', '2023-03-07 20:17:52');
INSERT INTO `news` VALUES ('129', null, '123333333', '2022-02-24', '53', '<p><span style=\"color: rgb(255, 153, 0);\">13222222222222</span></p>', '38', '2022-02-24 20:18:28', '2023-03-07 22:21:34');
INSERT INTO `news` VALUES ('143', 'images\\328d2044-f571-4ea5-aa71-8cc55d9c8d61.png', 'new', '2022-03-02', '11', '<p>cas</p>', '45', '2022-03-02 13:12:09', '2022-03-23 17:21:35');
INSERT INTO `news` VALUES ('147', null, '吃撒奥奥奥奥奥奥奥奥奥奥奥奥', '2022-03-02', '15', '<p>潇洒奥奥奥奥奥奥奥奥</p><p><img src=\"http://localhost:7070/images\\1f69bfba-21c1-4398-9a6b-84698f6a7328.png\"></p>', '39', '2022-03-02 16:50:16', '2023-03-07 22:21:35');
INSERT INTO `news` VALUES ('158', 'images\\swagger.png', '学校召开第五届教学指导委员会成立大会', '2022-03-03', '42', '<p class=\"ql-align-justify\">	为进一步检验和提高学校疫情防控工作能力，切实维护师生员工身体健康和生命安全，确保学生返校安全、平稳、有序进行，2月25日下午，我校组织开展了2022年春季学期学生返校模拟演练。党委副书记袁桂娥、副校长于长立现场指导演练，相关部门负责人、各二级学院党政负责人及辅导员老师参加了演练。</p><p class=\"ql-align-justify\">	在湖滨校区大门、宿舍楼、教学楼等地，通过模拟学生入校、学生宿舍发热、学生上课过程发热并出现疑似病例等场景，重点演练了体温异常人员的发现报告、应急处置、联防联控、风险解除、后续处置等环节，达到了熟悉应急处置流程、提高防疫实战水平、锻炼卫生防疫队伍的目的，有效检验了在校园内应对突发疫情事件的快速反映、沉着应对、科学调度、有效处置等综合能力。</p><p class=\"ql-align-center\"><img src=\"http://localhost:7070/images\\6bba089d-02fd-4f5b-9a32-ebb0f3be4002.png\"></p><p>	<span style=\"background-color: rgb(255, 255, 255);\">会上，教学指导委员会副主任委员、副校长李波宣读了《平顶山学院关于成立第五届教学指导委员会的通知》，教学指导委员会主任委员、校长苏晓红为各位委员颁发聘书。</span></p><p class=\"ql-align-center\"><img src=\"http://localhost:7070/images\\dd884cec-cd81-442e-9f4b-7abf4c77d197.png\"></p>', '45', '2022-03-03 14:57:44', '2023-03-02 18:29:56');
INSERT INTO `news` VALUES ('159', 'images\\4092670e-649d-466e-9d53-23b1aa2c5803.png', '省委第九巡视组巡视平顶山学院党委工作动员会议召开', '2022-03-03', '8', '<p>	<span style=\"background-color: rgb(255, 255, 255);\">按照省委巡视工作部署，省委第九巡视组于近日进驻平顶山学院开展为期2个月左右的常规巡视。3月2日上午，省委第九巡视组巡视平顶山学院党委工作动员会议召开。会前，省委第九巡视组组长任丰金主持召开与平顶山学院党委书记华小鹏、校长苏晓红的见面沟通会，省委第九巡视组副组长宋效政通报了本轮巡视任务和要求。会上，任丰金作了动员讲话，华小鹏主持会议并作表态讲话。</span></p><p class=\"ql-align-center\"><img src=\"http://localhost:7070/images\\256714e3-8b91-47c0-9ff7-890f6bd057ff.png\"></p><p class=\"ql-align-justify\">	任丰金指出，根据省委统一部署，本轮巡视是深入学习贯彻习近平总书记重要论述、党中央决策部署和省委工作要求，要充分认清对省管高校开展巡视的重要意义。对省管高校开展巡视，是坚持和加强党对高校的全面领导、督促做到“两个维护”的重要举措；是督促高校坚持社会主义办学方向，履行为党育人、为国育才初心使命的重要举措；是加强高校党的建设、推进全面从严治党向纵深发展的重要举措；是推动高校落实创新驱动、科教兴省、人才强省战略，服务经济社会发展的重要举措。要切实提高政治站位，深入领会中央精神和省委要求，把思想和行动统一到党中央决策部署上来，增强责任感使命感，共同完成好这次巡视任务。</p><p class=\"ql-align-justify\">	任丰金强调，要坚定不移落实政治巡视要求，聚焦职能责任强化政治监督。本轮巡视工作主要任务是，坚持以习近平新时代中国特色社会主义思想为指导，深入贯彻习近平总书记关于巡视工作重要论述，全面贯彻党的十九大和十九届六中全会、十九届中央纪委六次全会精神，落实省第十一次党代会和省委十一届二次全会、十一届省纪委二次全会要求，紧扣高校党委政治责任和职责使命，对照习近平总书记在听取中央第七轮巡视情况汇报时指出的中管高校“六个不足”问题，结合省委楼阳生书记在部分高校党委书记校长座谈会、郑州大学领导班子党史学习教育专题民主生活会上的讲话要求，重点围绕“四个紧盯”：紧盯党中央关于高等教育工作决策部署和省委工作安排贯彻落实情况；紧盯从严管党治校贯彻落实情况；紧盯新时代党的组织路线贯彻落实情况；紧盯巡视、审计、主题教育反馈问题整改落实情况，深入查找政治偏差，为建设高质量教育体系、建设教育强国、办好人民满意教育提供坚强政治保障。要强化政治担当，增强自觉接受监督的政治意识，共同完成好省委交给的巡视任务，学校党委和各级党员领导干部要主动接受监督，加强协作配合，强化纪律要求，积极支持配合好省委巡视工作。</p><p class=\"ql-align-center\"><img src=\"http://localhost:7070/images\\967eb8d9-cf42-4df8-8185-b7200954de8d.png\"></p>', '45', '2022-03-03 15:27:29', '2022-08-10 16:19:24');
INSERT INTO `news` VALUES ('164', null, '“平顶山学院书记校长百企行”——河南真实生物科技有限公司专场活动举行', '2022-04-17', '11', '<p>	<span style=\"background-color: rgb(255, 255, 255);\">4月15日下午，“平顶山学院书记校长百企行”——河南真实生物科技有限公司专场活动在公司会议室举行。平顶山市委副书记、政法委书记赵宏宇，市政协副主席孙建豪，平顶山市城乡一体化示范区党工委书记张毅，示范区党工委副书记、管委会主任刘明毓，河南真实生物科技有限公司董事长王朝阳，公司CEO兼CSO杜锦发，公司副总经理唐晓旻、王志涛，我校党委书记华小鹏，校长苏晓红，副校长李波、程永华、于长立、郑东丽，科研处、地方合作处、招生就业处、医学部和医学院负责人及高层次人才代表共同参加活动。</span></p><p class=\"ql-align-center\"><img src=\"http://localhost:7070/images\\4913f227-7009-4bf1-8c07-eb69156f09ce.png\"></p><p class=\"ql-align-justify\">	王朝阳致欢迎辞。他介绍了河南真实生物科技有限公司在药物研发、科研团队建设等方面取得的突出成绩，指出今天校企签约并共同为“创新药物研发联合实验室”和“平顶山学院大学生就业基地”揭牌，标志着双方合作迈向了更广阔的空间。在未来的合作中，双方优势互补，可以更好地实现人才、技术，设备、信息等资源共享，相信平院学子在真实生物这样一个海纳全球人才、拥抱人才、尊重专业、乐于教导和分享的环境里，定会有所收获。希望经过双方的共赢合作，共同培养出社会需要的人才，为平顶山市的建设、为河南省的发展，为国家的医药卫生事业输入源源不断的力量。</p><p class=\"ql-align-center\"><img src=\"http://localhost:7070/images\\62cefc6b-54a8-4e8c-a250-0e0cd4ba4e20.png\"></p><p>	<span style=\"background-color: rgb(255, 255, 255);\">华小鹏代表学校感谢市委、市政协、城乡一体化示范区、河南真实生物科技长期以来对学校的信任和支持，并介绍了学校的基本情况。他表示，经过前期充分对接和磋商，河南真实生物科技已与我校新药研发博士团队达成合作意向，企业委托我校新药研发博士团队进行相关药物的合成及其应用研究，该合作将以横向委托的形式，落地一批应用研究项目。今天双方签约并共同举行揭牌活动,标志着双方合作又向前迈进了一步。学校将以此次活动为契机，持续与河南真实生物科技有限公司开展深度合作，联合打造高水平的科技创新基地、人才培养基地、创新创业基地和就业基地。</span></p>', '37', '2022-04-17 23:20:06', '2023-03-07 16:50:11');
INSERT INTO `news` VALUES ('169', null, '国务院办公厅关于同意建立  数字经济发展部际联席会议制度的函', '2022-08-09', '16', '<p class=\"ql-align-center\"><strong>国务院办公厅关于同意建立</strong></p><p class=\"ql-align-center\"><strong>数字经济发展部际联席会议制度的函</strong></p><p class=\"ql-align-center\">国办函〔2022〕63号</p><p class=\"ql-align-justify\">	</p><p class=\"ql-align-justify\">国家发展改革委：</p><p class=\"ql-align-justify\">	你委关于建立数字经济发展部际联席会议制度的请示收悉。经国务院同意，现函复如下：</p><p class=\"ql-align-justify\">	国务院同意建立由国家发展改革委牵头的数字经济发展部际联席会议制度。联席会议不刻制印章，不正式行文，请按照党中央、国务院有关文件精神认真组织开展工作。</p><p class=\"ql-align-justify\">	</p><p class=\"ql-align-justify\">	附件：数字经济发展部际联席会议制度</p><p class=\"ql-align-right\">国务院办公厅</p><p class=\"ql-align-right\">2022年7月11日</p><p class=\"ql-align-justify\">	（此件公开发布）</p><p><br></p>', '35', '2022-08-09 09:54:01', '2023-03-07 16:37:38');
INSERT INTO `news` VALUES ('170', null, '数字经济发展部际联席会议制度', '2022-08-09', '2', '<p class=\"ql-align-justify\">	根据《“十四五”数字经济发展规划》部署，为加强统筹协调，不断做强做优做大我国数字经济，经国务院同意，建立数字经济发展部际联席会议（以下简称联席会议）制度。</p><p class=\"ql-align-justify\">	<strong>一、主要职责</strong></p><p class=\"ql-align-justify\">	（一）贯彻落实党中央、国务院决策部署，推进实施数字经济发展战略，统筹数字经济发展工作，研究和协调数字经济领域重大问题，指导落实数字经济发展重大任务并开展推进情况评估，研究提出相关政策建议。</p><p class=\"ql-align-justify\">	（二）协调制定数字化转型、促进大数据发展、“互联网+”行动等数字经济重点领域规划和政策，组织提出并督促落实数字经济发展年度重点工作，推进数字经济领域制度、机制、标准规范等建设。</p><p class=\"ql-align-justify\">	（三）统筹推动数字经济重大工程和试点示范，加强与有关地方、行业数字经济协调推进工作机制的沟通联系，强化与各类示范区、试验区协同联动，协调推进数字经济领域重大政策实施，组织探索适应数字经济发展的改革举措。</p><p class=\"ql-align-justify\">	（四）完成党中央、国务院交办的其他事项。</p><p class=\"ql-align-justify\">	<strong>二、成员单位</strong></p><p class=\"ql-align-justify\">	联席会议由国家发展改革委、中央网信办、教育部、科技部、工业和信息化部、公安部、民政部、财政部、人力资源社会保障部、住房城乡建设部、交通运输部、农业农村部、商务部、国家卫生健康委、人民银行、国务院国资委、税务总局、市场监管总局、银保监会、证监会等20个部门组成，国家发展改革委为牵头单位。</p><p class=\"ql-align-justify\">	联席会议由国家发展改革委分管负责同志担任召集人，中央网信办、工业和信息化部分管负责同志担任副召集人，其他成员单位有关负责同志为联席会议成员（名单附后）。联席会议成员因工作变动等原因需要调整的，由所在单位提出，联席会议确定。联席会议可根据工作需要调整成员单位。</p><p class=\"ql-align-justify\">	联席会议办公室设在国家发展改革委，承担联席会议日常工作。联席会议设联络员，由各成员单位有关司局负责同志担任。</p><p class=\"ql-align-justify\">	<strong>三、工作规则</strong></p><p class=\"ql-align-justify\">	联席会议原则上每年召开一次全体会议，由召集人主持。根据工作需要或成员单位建议，可召开全体或部分成员单位参加的专题会议，由召集人或召集人委托其他成员主持。专题研究特定事项时，可邀请其他相关部门、机构和专家参与。</p><p class=\"ql-align-justify\">	根据工作需要，可不定期召开联络员会议，研究讨论联席会议议题和需提交联席会议议定的事项及其他有关事项。</p><p class=\"ql-align-justify\">	联席会议以纪要形式明确议定事项，印发有关部门和单位。重大事项按程序报告党中央、国务院。</p><p class=\"ql-align-justify\">	<strong>四、工作要求</strong></p><p class=\"ql-align-justify\">	各成员单位要按照职责分工，认真落实联席会议确定的各项任务和议定事项，主动研究制定促进数字经济发展的政策措施，积极提出工作建议，加强沟通协调，根据工作需要指导地方对口部门落实具体工作措施，推进相关工作任务，及时通报有关情况。联席会议办公室要充分发挥有关地方、部门和专家的作用，加强对会议议定事项的督促落实，及时向各成员单位通报工作进展情况。</p><p><br></p>', '40', '2022-08-09 10:01:33', '2022-08-10 16:19:05');
INSERT INTO `news` VALUES ('172', 'images\\faca0917-a78e-4c97-aa98-1f3dbeae8e76.png', '234123', '2023-03-01', '6', '<p>hhhhhhhhhhh</p>', '45', '2023-03-02 18:17:09', '2023-03-05 14:29:03');
INSERT INTO `news` VALUES ('174', null, 'nihao', '2023-03-01', '187', '<p>wuhs</p><p>djhncm</p><p>sjwdnks</p><p><img src=\"http://localhost:7070/images\\e324ca95-746d-42eb-a50b-79bb6ceab9c7.png\"></p>', '27', '2023-03-03 15:01:40', '2023-03-07 21:17:32');
INSERT INTO `news` VALUES ('175', null, 'dgfhgjv', '2023-03-04', '220', 'egfdhcgjgchbhfhh', '46', '2023-03-04 23:45:11', '2023-03-07 22:21:28');
INSERT INTO `news` VALUES ('179', null, 'fghjjh', '2023-03-01', '5', '<p>fghjhgfcv</p>', '42', '2023-03-07 22:13:09', '2023-03-07 22:21:28');
INSERT INTO `news` VALUES ('180', null, '但是宣传宣传下', '2023-03-01', '3', '<p>但是风险程度副词的程序</p>', '47', '2023-03-07 22:16:32', '2023-03-07 22:21:33');
INSERT INTO `news` VALUES ('181', null, 'sfdfxc', '2023-03-01', '1', '<p>wdscdvcdx</p>', '48', '2023-03-07 22:22:36', '2023-03-07 22:23:06');

-- ----------------------------
-- Table structure for news_category
-- ----------------------------
DROP TABLE IF EXISTS `news_category`;
CREATE TABLE `news_category` (
  `id` int(10) unsigned NOT NULL AUTO_INCREMENT COMMENT '自增主键',
  `name` varchar(500) NOT NULL COMMENT '新闻类别名称',
  `news_type_id` int(10) unsigned NOT NULL COMMENT '新闻类型id',
  `display_content` int(10) unsigned NOT NULL DEFAULT '0' COMMENT '展示内容',
  `create_time` datetime NOT NULL DEFAULT CURRENT_TIMESTAMP COMMENT '创建时间',
  `update_time` datetime NOT NULL DEFAULT CURRENT_TIMESTAMP ON UPDATE CURRENT_TIMESTAMP COMMENT '修改时间',
  PRIMARY KEY (`id`),
  KEY `idx_name` (`id`,`name`,`news_type_id`)
) ENGINE=InnoDB AUTO_INCREMENT=50 DEFAULT CHARSET=utf8;

-- ----------------------------
-- Records of news_category
-- ----------------------------
INSERT INTO `news_category` VALUES ('27', 'Keynote Speakers', '3', '1', '2022-01-13 11:42:04', '2023-03-05 14:37:23');
INSERT INTO `news_category` VALUES ('28', 'Invited Speakers ', '3', '1', '2022-01-13 11:42:09', '2023-03-05 14:37:36');
INSERT INTO `news_category` VALUES ('29', 'Call for papers ', '4', '1', '2022-01-13 11:42:15', '2023-03-05 14:37:55');
INSERT INTO `news_category` VALUES ('30', 'Special Session', '4', '1', '2022-01-13 11:42:21', '2023-03-05 14:38:12');
INSERT INTO `news_category` VALUES ('31', 'Paper Submission', '4', '1', '2022-01-13 11:42:26', '2023-03-05 14:38:36');
INSERT INTO `news_category` VALUES ('35', 'Accomodation', '5', '0', '2022-01-13 22:38:55', '2023-03-05 14:39:23');
INSERT INTO `news_category` VALUES ('37', 'Latest News', '5', '0', '2022-01-13 22:39:21', '2023-03-05 14:39:54');
INSERT INTO `news_category` VALUES ('38', 'Register', '6', '0', '2022-01-14 12:20:12', '2023-03-05 14:40:12');
INSERT INTO `news_category` VALUES ('39', 'Conference Venue', '7', '0', '2022-01-14 12:20:20', '2023-03-05 14:40:51');
INSERT INTO `news_category` VALUES ('40', 'Program', '8', '0', '2022-01-14 12:21:19', '2023-03-05 14:41:10');
INSERT INTO `news_category` VALUES ('41', 'Contact Us', '9', '0', '2022-01-14 12:21:37', '2023-03-05 14:41:16');
INSERT INTO `news_category` VALUES ('42', 'About DSKE 2023', '1', '0', '2022-01-16 16:01:35', '2023-03-05 14:21:19');
INSERT INTO `news_category` VALUES ('43', 'Important Dates', '1', '0', '2022-01-16 16:01:56', '2023-03-05 14:21:26');
INSERT INTO `news_category` VALUES ('44', 'Keynote Speakers', '1', '0', '2022-01-16 16:02:03', '2023-03-05 14:21:37');
INSERT INTO `news_category` VALUES ('45', '轮播图', '11', '0', '2022-01-30 11:25:47', '2023-03-05 14:30:58');
INSERT INTO `news_category` VALUES ('46', 'Publication', '1', '0', '2023-03-04 15:32:28', '2023-03-05 14:21:40');
INSERT INTO `news_category` VALUES ('47', 'Committee ', '2', '0', '2023-03-04 15:47:10', '2023-03-05 14:41:25');
INSERT INTO `news_category` VALUES ('48', '中文', '10', '0', '2023-03-04 15:52:04', '2023-03-04 15:52:06');
INSERT INTO `news_category` VALUES ('49', 'Important Dates', '4', '0', '2023-03-05 14:39:02', '2023-03-05 14:39:04');

-- ----------------------------
-- Table structure for news_type
-- ----------------------------
DROP TABLE IF EXISTS `news_type`;
CREATE TABLE `news_type` (
  `id` int(10) unsigned NOT NULL AUTO_INCREMENT COMMENT '自增主键',
  `name` varchar(10) NOT NULL COMMENT '新闻类型名称',
  `create_time` datetime NOT NULL DEFAULT CURRENT_TIMESTAMP COMMENT '创建时间',
  `update_time` datetime NOT NULL DEFAULT CURRENT_TIMESTAMP ON UPDATE CURRENT_TIMESTAMP COMMENT '修改时间',
  PRIMARY KEY (`id`),
  UNIQUE KEY `uk_name` (`name`)
) ENGINE=InnoDB AUTO_INCREMENT=12 DEFAULT CHARSET=utf8;

-- ----------------------------
-- Records of news_type
-- ----------------------------
INSERT INTO `news_type` VALUES ('1', 'Home', '2022-01-13 10:08:56', '2023-03-04 15:20:26');
INSERT INTO `news_type` VALUES ('2', 'Committee', '2022-01-13 10:09:04', '2023-03-04 15:24:41');
INSERT INTO `news_type` VALUES ('3', 'Speakers', '2022-01-13 10:09:40', '2023-03-04 15:24:43');
INSERT INTO `news_type` VALUES ('4', 'Papers', '2022-01-13 10:09:55', '2023-03-04 15:24:46');
INSERT INTO `news_type` VALUES ('5', 'Attendees', '2022-01-13 10:10:11', '2023-03-04 15:24:48');
INSERT INTO `news_type` VALUES ('6', 'Register', '2022-01-13 10:10:18', '2023-03-04 15:24:50');
INSERT INTO `news_type` VALUES ('7', 'Venue', '2022-01-13 10:10:25', '2023-03-04 15:24:52');
INSERT INTO `news_type` VALUES ('8', 'Program', '2022-01-13 10:10:30', '2023-03-04 15:24:54');
INSERT INTO `news_type` VALUES ('9', 'Contact', '2022-01-13 10:10:42', '2023-03-04 15:24:56');
INSERT INTO `news_type` VALUES ('10', '中文', '2023-03-04 15:24:03', '2023-03-04 17:41:28');
INSERT INTO `news_type` VALUES ('11', '轮播图', '2023-03-05 14:32:36', '2023-03-05 14:32:39');
